ID;fname;lname
4099c17e-a0d2-4f6b-b43a-b82888881be1;fname5526;lname6643
81b4b3d1-bc9a-47e2-a264-abf7b4f2688f;fname9350;lname899
09bfb149-31d6-4443-a444-5f6b38125829;fname1496;lname1574
d1076208-da65-4731-9299-85d920757655;fname495;lname3744
e7453b7c-9de6-4cf2-bcaa-89a2832ce9be;fname1031;lname5093
52a767a2-543a-4c57-b33f-b24288f7c3ae;fname2102;lname8985
10eadfa8-aa9f-422d-9c58-dc8e97851f3a;fname3362;lname8083
a3491689-19aa-4d87-b6f5-c0dfc6c5241b;fname3494;lname4226
42f6c5ad-04bf-48e5-bc14-3f6b8ef17fa9;fname4168;lname4723
bce9d0b0-72af-4762-b790-8d8bd3941637;fname405;lname6472